ShopperID,ShopperName,Email,IsMember,SignupDate
0,Allison Hill,allisonhill@gmail.com,1,04-03-2021
1,Megan Mcclain,meganmcclain@outlook.com,1,28-06-2020
2,Allen Robinson,allenrobinson@yahoo.com,1,02-08-2022
3,Cristian Santos,cristiansantos@gmail.com,1,13-10-2022
4,Kevin Pacheco,kevinpacheco@company.com,1,02-02-2020
5,Melissa Peterson,melissapeterson@gmail.com,1,01-11-2020
6,Gabrielle Davis,gabrielledavis@yahoo.com,1,16-07-2020
7,Lindsey Roman,lindseyroman@gmail.com,1,16-09-2023
8,Valerie Gray,valeriegray@company.com,1,26-10-2022
9,Lisa Hensley,lisahensley@company.com,0,11-12-2022
10,Amber Perez,amberperez@gmail.com,1,03-07-2021
11,David Garcia,davidgarcia@company.com,0,12-06-2021
12,Holly Wood,hollywood@outlook.com,1,07-02-2021
13,Timothy Wong,timothywong@yahoo.com,0,07-02-2023
14,Nicholas Martin,nicholasmartin@gmail.com,1,15-12-2021
15,Margaret Hawkins DDS,margarethawkinsdds@company.com,1,09-04-2024
16,Crystal Johnson,crystaljohnson@outlook.com,0,20-08-2021
17,Daniel Hahn,danielhahn@outlook.com,1,10-06-2024
18,Matthew Foster,matthewfoster@company.com,1,18-08-2024
19,Derek Wright,derekwright@company.com,1,12-11-2022
20,Kevin Hurst,kevinhurst@outlook.com,0,20-01-2022
21,Zachary Hicks,zacharyhicks@yahoo.com,1,06-07-2020
22,Brian Burton,brianburton@gmail.com,1,08-01-2024
23,Arthur James,arthurjames@outlook.com,1,14-01-2025
24,Tricia Valencia,triciavalencia@yahoo.com,1,11-02-2020
25,Melanie Herrera,melanieherrera@company.com,0,23-05-2021
26,Ashley Graham,ashleygraham@company.com,0,29-04-2022
27,Sherri Baker,sherribaker@yahoo.com,0,24-07-2022
28,Thomas Harrell,thomasharrell@outlook.com,1,20-07-2021
29,Lisa Hernandez,lisahernandez@outlook.com,1,15-11-2023
30,Paula Moreno,paulamoreno@yahoo.com,1,23-01-2020
31,Alec Hickman,alechickman@yahoo.com,0,14-06-2024
32,Elizabeth Brown,elizabethbrown@company.com,0,13-06-2024
33,Angelica Tucker,angelicatucker@yahoo.com,0,27-05-2020
34,Pamela Anderson,pamelaanderson@gmail.com,1,08-06-2022
35,Deborah Brennan,deborahbrennan@gmail.com,0,05-03-2022
36,Joshua Blair,joshuablair@company.com,0,23-01-2021
37,Zachary Santos,zacharysantos@gmail.com,1,01-04-2022
38,Barbara Walker,barbarawalker@outlook.com,1,30-09-2021
39,Crystal Robinson,crystalrobinson@company.com,0,30-05-2020
40,Crystal Whitehead,crystalwhitehead@company.com,1,10-05-2024
41,David Caldwell,davidcaldwell@outlook.com,1,16-02-2021
42,Timothy Duncan,timothyduncan@yahoo.com,0,03-06-2022
43,Rhonda Lee,rhondalee@company.com,0,17-07-2020
44,Jeff Owens,jeffowens@outlook.com,1,15-09-2023
45,Victoria Garcia,victoriagarcia@yahoo.com,0,26-01-2022
46,Scott Wright,scottwright@gmail.com,1,03-01-2021
47,Javier Ramirez,javierramirez@gmail.com,1,22-04-2021
48,Jessica Callahan,jessicacallahan@yahoo.com,0,23-10-2022
49,Zachary Huff,zacharyhuff@gmail.com,0,26-11-2024
50,Sarah Martin,sarahmartin@company.com,0,27-06-2022
51,James Brown,jamesbrown@outlook.com,1,14-12-2021
52,Mrs. Rachel Gibson,mrs.rachelgibson@gmail.com,0,04-03-2022
53,Whitney Peters,whitneypeters@outlook.com,1,26-08-2023
54,Edward Novak,edwardnovak@outlook.com,0,15-12-2022
55,Nicole Brown,nicolebrown@yahoo.com,0,24-12-2022
56,Sarah Moore,sarahmoore@gmail.com,0,11-11-2024
57,Cody Larson,codylarson@yahoo.com,1,08-06-2023
58,Bryan Zamora,bryanzamora@outlook.com,1,15-04-2021
59,Lisa Barnes,lisabarnes@yahoo.com,0,23-12-2022
60,Taylor Harris,taylorharris@yahoo.com,1,22-08-2023
61,James Powers,jamespowers@outlook.com,0,23-07-2021
62,Paul Jones,pauljones@gmail.com,1,08-05-2022
63,Dr. Angel Lewis MD,dr.angellewismd@outlook.com,0,22-09-2024
64,Sherry Wood,sherrywood@yahoo.com,1,05-11-2020
65,Michele Carr,michelecarr@yahoo.com,1,29-12-2024
66,Aimee Montoya,aimeemontoya@gmail.com,0,21-07-2021
67,Teresa Taylor,teresataylor@gmail.com,1,19-08-2020
68,Juan Nelson,juannelson@yahoo.com,0,31-01-2023
69,Christina Walters,christinawalters@yahoo.com,0,18-05-2021
70,Taylor Mathis Jr.,taylormathisjr.@company.com,1,05-03-2022
71,Aaron Wise,aaronwise@yahoo.com,0,31-03-2023
72,Patrick Arnold,patrickarnold@company.com,0,13-03-2022
73,Benjamin Ware,benjaminware@company.com,0,30-07-2024
74,Sandra Aguilar,sandraaguilar@gmail.com,1,18-10-2020
75,Eric Nolan,ericnolan@yahoo.com,1,15-01-2024
76,Stephanie Clark,stephanieclark@outlook.com,1,21-04-2021
77,Richard Henson,richardhenson@yahoo.com,1,02-02-2022
78,Brittany Spears,brittanyspears@gmail.com,1,19-05-2024
79,Rita Keith,ritakeith@gmail.com,1,07-03-2020
80,Evelyn Galvan,evelyngalvan@gmail.com,1,26-01-2024
81,Rita Adams,ritaadams@outlook.com,1,30-12-2023
82,Shane Garrison,shanegarrison@yahoo.com,0,03-03-2021
83,Julia Torres,juliatorres@company.com,1,14-01-2024
84,Alexander Lee,alexanderlee@yahoo.com,0,12-09-2021
85,Tracy Ramirez,tracyramirez@yahoo.com,0,07-04-2023
86,William Herrera,williamherrera@company.com,1,02-10-2024
87,Wesley White,wesleywhite@gmail.com,1,14-11-2024
88,Brian Hamilton,brianhamilton@company.com,0,14-09-2023
89,Larry Dixon,larrydixon@company.com,0,25-12-2021
90,Dawn Fletcher,dawnfletcher@company.com,1,25-01-2020
91,Kimberly Ball,kimberlyball@gmail.com,1,08-10-2023
92,Helen Jones,helenjones@company.com,0,19-05-2023
93,Erik Charles,erikcharles@gmail.com,1,28-08-2023
94,Eric Ortiz,ericortiz@yahoo.com,1,26-01-2022
95,Cameron Fisher,cameronfisher@company.com,1,05-10-2024
96,Stephanie Gilbert,stephaniegilbert@company.com,1,24-07-2021
97,April Mitchell,aprilmitchell@outlook.com,0,17-03-2022
98,Mary Marshall,marymarshall@yahoo.com,1,08-04-2022
99,John Santana,johnsantana@company.com,1,15-01-2024
100,Bradley Robertson,bradleyrobertson@gmail.com,1,23-03-2023
101,Robert Potter,robertpotter@gmail.com,1,04-06-2023
102,Curtis Johnson,curtisjohnson@yahoo.com,0,13-04-2021
103,Samuel Jones,samueljones@company.com,0,17-02-2022
104,Cheyenne Horton,cheyennehorton@yahoo.com,0,13-07-2022
105,Matthew Smith,matthewsmith@gmail.com,1,25-10-2023
106,Ashley Coleman,ashleycoleman@company.com,1,08-12-2020
107,Kelly Williams,kellywilliams@company.com,0,21-04-2021
108,Joyce Solis,joycesolis@company.com,0,25-05-2023
109,Linda Dodson DVM,lindadodsondvm@company.com,0,14-02-2023
110,Kathy Rivas,kathyrivas@yahoo.com,1,18-10-2022
111,Natasha Wells,natashawells@outlook.com,1,09-05-2021
112,Mark Cannon,markcannon@gmail.com,1,31-08-2022
113,Denise Jones,denisejones@outlook.com,1,27-06-2021
114,Francisco Fernandez,franciscofernandez@gmail.com,0,30-09-2020
115,Michael Mccarthy,michaelmccarthy@yahoo.com,1,18-05-2020
116,Joshua Perry,joshuaperry@gmail.com,1,02-02-2021
117,Taylor Silva,taylorsilva@gmail.com,1,15-07-2023
118,Pamela James,pamelajames@yahoo.com,0,01-02-2020
119,Paul Castaneda,paulcastaneda@gmail.com,1,28-10-2024
120,Paul Payne,paulpayne@gmail.com,1,28-01-2023
121,Daniel Graham,danielgraham@company.com,0,15-03-2020
122,Michael Powell,michaelpowell@outlook.com,1,18-11-2020
123,Cameron Dean,camerondean@outlook.com,1,11-03-2020
124,Justin Johnson,justinjohnson@outlook.com,0,10-04-2023
125,Joel Williams,joelwilliams@yahoo.com,0,14-12-2021
126,Gabriel Juarez,gabrieljuarez@company.com,0,14-12-2021
127,Sandra King,sandraking@gmail.com,1,19-06-2020
128,Joshua Cooke,joshuacooke@company.com,1,22-10-2021
129,Rachael Pearson,rachaelpearson@gmail.com,1,30-10-2023
130,Christina Smith,christinasmith@outlook.com,1,26-10-2020
131,Michael Elliott,michaelelliott@outlook.com,1,23-02-2021
132,Pamela Jackson,pamelajackson@yahoo.com,0,04-02-2023
133,Ashley Weiss,ashleyweiss@outlook.com,1,18-11-2024
134,Alexander Collins,alexandercollins@company.com,0,12-06-2023
135,Jennifer Espinoza,jenniferespinoza@gmail.com,0,08-06-2020
136,Lori Garcia,lorigarcia@gmail.com,1,03-12-2023
137,Lindsay Martinez,lindsaymartinez@outlook.com,1,23-12-2024
138,Hannah Patterson,hannahpatterson@gmail.com,1,29-11-2021
139,Gloria Atkinson,gloriaatkinson@outlook.com,0,03-03-2024
140,Tyler Reid,tylerreid@yahoo.com,0,15-03-2024
141,Jessica Gross,jessicagross@yahoo.com,0,19-11-2024
142,Robert Medina,robertmedina@company.com,0,23-06-2022
143,Nicholas Adams,nicholasadams@gmail.com,1,26-04-2024
144,Angelica Keith,angelicakeith@company.com,0,11-04-2021
145,Leonard Gray,leonardgray@gmail.com,1,14-03-2020
146,Catherine Lewis,catherinelewis@outlook.com,1,18-01-2024
147,Spencer Haynes,spencerhaynes@outlook.com,1,09-06-2021
148,Travis Miller,travismiller@company.com,0,29-08-2023
149,Peter Vaughn DDS,petervaughndds@gmail.com,1,06-07-2022
150,Anna Walker,annawalker@gmail.com,1,08-07-2023
151,Kevin Kennedy,kevinkennedy@gmail.com,0,17-09-2022
152,Patrick Rivera,patrickrivera@yahoo.com,0,29-07-2023
153,David Martinez,davidmartinez@yahoo.com,1,07-01-2021
154,Joshua Gill,joshuagill@outlook.com,0,25-12-2020
155,John Hardy,johnhardy@gmail.com,0,10-12-2024
156,Diane Garcia,dianegarcia@yahoo.com,1,10-01-2021
157,Christopher Smith,christophersmith@gmail.com,0,23-09-2022
158,William Tran,williamtran@company.com,1,19-07-2023
159,Sean Henry,seanhenry@yahoo.com,1,03-06-2024
160,Julie Alexander,juliealexander@yahoo.com,0,23-12-2020
161,Todd Woods,toddwoods@gmail.com,1,03-03-2024
162,Benjamin Soto,benjaminsoto@outlook.com,0,28-04-2020
163,Justin Torres,justintorres@yahoo.com,0,10-01-2025
164,Phillip Obrien,phillipobrien@yahoo.com,1,05-01-2024
165,Joseph Hayes,josephhayes@company.com,1,09-04-2022
166,Wanda Torres,wandatorres@company.com,1,01-03-2023
167,Natalie Meza,nataliemeza@yahoo.com,0,04-02-2021
168,Matthew Moore,matthewmoore@outlook.com,0,04-12-2020
169,Aaron Hayes,aaronhayes@yahoo.com,1,10-01-2023
170,David Mann,davidmann@gmail.com,1,29-07-2023
171,Michael Bradshaw,michaelbradshaw@company.com,0,31-12-2023
172,Mary Peck,marypeck@outlook.com,1,08-03-2022
173,Maria Kerr,mariakerr@outlook.com,0,11-03-2024
174,Christopher Parker,christopherparker@company.com,0,21-10-2023
175,Donna Martinez,donnamartinez@gmail.com,1,03-07-2023
176,Terri Mason,terrimason@outlook.com,1,12-07-2022
177,Andrew Reynolds,andrewreynolds@outlook.com,1,01-09-2021
178,Brandon Hayden,brandonhayden@gmail.com,0,28-03-2024
179,Tiffany Key,tiffanykey@outlook.com,0,03-06-2023
180,Andrew Avila,andrewavila@company.com,1,30-05-2022
181,Sydney White,sydneywhite@company.com,1,26-12-2022
182,Katherine Davis,katherinedavis@outlook.com,1,18-10-2021
183,Michael Hodge,michaelhodge@company.com,1,15-09-2021
184,Donna Landry,donnalandry@yahoo.com,0,16-02-2024
185,Jordan Edwards,jordanedwards@company.com,1,03-09-2021
186,Jennifer Robertson,jenniferrobertson@outlook.com,0,31-12-2024
187,Kimberly Gutierrez,kimberlygutierrez@gmail.com,0,29-12-2020
188,Peter Garrett,petergarrett@outlook.com,0,10-11-2023
189,Joshua Pennington,joshuapennington@outlook.com,0,01-04-2022
190,Barbara Dudley,barbaradudley@outlook.com,1,07-02-2023
191,Christopher Pierce,christopherpierce@yahoo.com,0,26-10-2022
192,Willie Durham,williedurham@company.com,1,14-05-2022
193,Ronnie Jimenez,ronniejimenez@outlook.com,0,23-08-2023
194,Denise Davenport,denisedavenport@gmail.com,0,16-12-2024
195,Juan Reyes,juanreyes@outlook.com,1,01-09-2024
196,Sherry Shields,sherryshields@company.com,0,09-06-2021
197,Jennifer Villa,jennifervilla@company.com,0,06-08-2022
198,Diane Evans,dianeevans@company.com,1,29-12-2022
199,Mrs. Brittany Ryan MD,mrs.brittanyryanmd@company.com,1,26-10-2022
200,Jordan Morris,jordanmorris@gmail.com,0,31-12-2020
201,Laura Hall,laurahall@outlook.com,1,08-12-2023
202,Patrick Thornton,patrickthornton@yahoo.com,0,12-02-2024
203,Matthew Hoover,matthewhoover@yahoo.com,1,17-12-2024
204,Andrew Shaw MD,andrewshawmd@yahoo.com,1,28-05-2024
205,Jessica Fox,jessicafox@gmail.com,1,05-05-2022
206,Jennifer Pena,jenniferpena@company.com,1,30-10-2020
207,Wayne Morgan,waynemorgan@company.com,0,10-07-2023
208,Sarah Phelps,sarahphelps@yahoo.com,0,10-05-2024
209,Eugene Higgins,eugenehiggins@company.com,0,09-11-2023
210,Amanda Jones,amandajones@yahoo.com,1,20-03-2023
211,Yolanda Francis,yolandafrancis@gmail.com,1,24-03-2022
212,Mark Brennan,markbrennan@company.com,1,11-04-2022
213,Stephanie Williams,stephaniewilliams@yahoo.com,0,15-01-2024
214,James Thomas,jamesthomas@gmail.com,1,18-09-2022
215,Rebecca Jackson,rebeccajackson@gmail.com,0,14-06-2020
216,Lisa Allen,lisaallen@yahoo.com,0,15-08-2024
217,Joel King,joelking@outlook.com,0,02-05-2021
218,Robert Santana,robertsantana@company.com,0,12-06-2023
219,Jeremy Reed,jeremyreed@yahoo.com,0,30-12-2022
220,Jessica Wright,jessicawright@company.com,0,14-04-2024
221,James Webb,jameswebb@yahoo.com,0,30-03-2021
222,Laura Haney,laurahaney@company.com,1,14-07-2021
223,Mary Hill,maryhill@outlook.com,0,20-11-2022
224,Natasha Williams,natashawilliams@gmail.com,0,02-02-2023
225,Tanner Mitchell DDS,tannermitchelldds@yahoo.com,0,04-02-2023
226,Mark Oliver,markoliver@outlook.com,0,13-06-2023
227,Mary Massey,marymassey@gmail.com,1,14-03-2023
228,Maria Parker,mariaparker@yahoo.com,1,06-04-2022
229,Morgan Davis,morgandavis@company.com,1,14-07-2021
230,Casey Anderson,caseyanderson@yahoo.com,1,03-10-2022
231,Kiara Mcintyre,kiaramcintyre@company.com,0,18-03-2024
232,Roger Olson,rogerolson@outlook.com,0,03-02-2024
233,Gina Wilson,ginawilson@company.com,1,15-11-2024
234,Vincent Dalton,vincentdalton@yahoo.com,0,06-09-2023
235,Tracy Ballard,tracyballard@company.com,1,20-11-2021
236,Alexis Herrera,alexisherrera@company.com,0,01-05-2022
237,Megan Richards,meganrichards@gmail.com,0,03-03-2024
238,Ashley Hall,ashleyhall@outlook.com,0,07-03-2020
239,Kristina Herman,kristinaherman@company.com,1,01-03-2021
240,Rodney Blankenship,rodneyblankenship@company.com,1,27-07-2021
241,Charles Shah,charlesshah@outlook.com,0,31-07-2021
242,Brent Clay Jr.,brentclayjr.@company.com,1,29-04-2022
243,Natalie Bautista,nataliebautista@company.com,0,25-02-2022
244,Brittany Perry,brittanyperry@company.com,1,20-07-2020
245,Jason Lynn Jr.,jasonlynnjr.@company.com,1,28-11-2021
246,Trevor Foley,trevorfoley@gmail.com,0,21-07-2020
247,Kimberly Levine,kimberlylevine@gmail.com,1,07-11-2021
248,Colton Martinez,coltonmartinez@company.com,1,19-04-2024
249,Matthew May,matthewmay@company.com,1,16-01-2023
250,Richard Sanchez,richardsanchez@gmail.com,0,08-09-2020
251,Andrea Hubbard,andreahubbard@company.com,0,03-02-2021
252,Sergio Murphy,sergiomurphy@yahoo.com,0,17-10-2020
253,April Garrison,aprilgarrison@outlook.com,0,12-10-2020
254,David Thompson,davidthompson@company.com,0,13-05-2023
255,Adrian Tyler,adriantyler@company.com,0,31-03-2021
256,Christopher Williams,christopherwilliams@gmail.com,0,08-10-2023
257,Nichole Alvarez,nicholealvarez@gmail.com,1,13-12-2023
258,Ashley Gordon,ashleygordon@outlook.com,1,14-10-2024
259,Richard Camacho,richardcamacho@gmail.com,1,31-08-2022
260,Victor Brown,victorbrown@gmail.com,1,15-06-2022
261,Michael Henry,michaelhenry@yahoo.com,1,10-08-2024
262,Bobby Franklin,bobbyfranklin@yahoo.com,1,21-05-2020
263,Mark Kelley,markkelley@yahoo.com,0,07-09-2021
264,Kerry Chavez DDS,kerrychavezdds@gmail.com,1,21-07-2020
265,Sarah Curtis,sarahcurtis@company.com,0,26-11-2023
266,Cindy Hayes,cindyhayes@outlook.com,1,14-03-2021
267,Jesse Perry,jesseperry@gmail.com,1,13-07-2020
268,Maurice Brooks,mauricebrooks@outlook.com,1,26-10-2020
269,Andrea Decker,andreadecker@gmail.com,0,10-07-2020
270,Parker Cain,parkercain@company.com,0,03-11-2022
271,Kristina Rivera,kristinarivera@yahoo.com,1,01-09-2020
272,Maurice Christensen,mauricechristensen@yahoo.com,1,26-05-2024
273,Tracy Burke,tracyburke@outlook.com,1,25-10-2021
274,Christy Douglas,christydouglas@gmail.com,0,06-03-2021
275,Ryan Richardson,ryanrichardson@company.com,0,15-11-2023
276,Renee Bruce,reneebruce@gmail.com,0,06-12-2024
277,Lisa Day,lisaday@gmail.com,0,09-03-2020
278,Sandra Adams,sandraadams@company.com,1,16-12-2020
279,Ellen Morgan,ellenmorgan@company.com,0,02-02-2020
280,Kylie Morales,kyliemorales@company.com,1,07-10-2020
281,Amanda Reese,amandareese@company.com,1,18-02-2021
282,Glen Wood,glenwood@outlook.com,0,01-09-2023
283,Latoya Miller,latoyamiller@company.com,0,27-04-2020
284,Luke Craig,lukecraig@outlook.com,0,02-06-2021
285,Karla Ramos,karlaramos@yahoo.com,1,04-06-2021
286,Ashley Jordan,ashleyjordan@outlook.com,0,22-06-2021
287,Katelyn Estrada,katelynestrada@yahoo.com,0,13-04-2020
288,Kyle Smith,kylesmith@company.com,0,25-07-2021
289,Chad Scott,chadscott@gmail.com,0,12-09-2021
290,Paul Thompson,paulthompson@outlook.com,1,16-12-2021
291,Kathryn Whitaker,kathrynwhitaker@company.com,1,02-02-2024
292,Scott Williams,scottwilliams@outlook.com,0,25-02-2020
293,Shannon Johnston,shannonjohnston@outlook.com,0,04-12-2022
294,Jennifer Wilson,jenniferwilson@outlook.com,1,29-02-2020
295,Robert Montgomery,robertmontgomery@yahoo.com,1,21-03-2024
296,Anita Richard,anitarichard@yahoo.com,0,10-04-2021
297,Kelly Foster,kellyfoster@company.com,1,10-08-2021
298,Gary Jackson,garyjackson@company.com,0,11-08-2022
299,Jordan Bullock,jordanbullock@company.com,1,21-10-2021
300,Sabrina Briggs,sabrinabriggs@gmail.com,0,28-03-2021
301,Craig Morrison,craigmorrison@yahoo.com,0,10-11-2023
302,Cassandra Mejia,cassandramejia@yahoo.com,0,12-07-2022
303,Olivia Cole,oliviacole@outlook.com,0,05-09-2024
304,Madison Weber,madisonweber@outlook.com,0,18-05-2024
305,Brittany Jones,brittanyjones@outlook.com,0,08-04-2022
306,Donald Brown,donaldbrown@company.com,0,05-08-2022
307,Jesse Brown,jessebrown@outlook.com,0,20-03-2024
308,Sean Wyatt,seanwyatt@yahoo.com,1,18-02-2023
309,Julie Spencer,juliespencer@yahoo.com,0,07-01-2024
310,Joanna Pacheco,joannapacheco@gmail.com,1,26-04-2023
311,John Hernandez,johnhernandez@yahoo.com,1,14-05-2020
312,Steven Cooper,stevencooper@company.com,0,19-08-2023
313,Carrie Wright,carriewright@outlook.com,1,31-03-2022
314,Joseph Moore,josephmoore@yahoo.com,0,03-12-2021
315,Jason Morgan,jasonmorgan@yahoo.com,0,18-01-2023
316,Maria Jones,mariajones@yahoo.com,0,12-07-2020
317,Diane Cummings,dianecummings@gmail.com,1,05-05-2023
318,Shelley Cook,shelleycook@outlook.com,1,21-12-2022
319,Gregory Ponce,gregoryponce@gmail.com,0,21-07-2023
320,Kurt Hurley,kurthurley@yahoo.com,0,09-08-2021
321,Rickey Li,rickeyli@gmail.com,1,30-05-2023
322,Nancy Jennings,nancyjennings@outlook.com,0,09-09-2022
323,Jessica Cox,jessicacox@company.com,0,14-11-2021
324,Daniel Meza,danielmeza@outlook.com,1,28-06-2022
325,Chad Jones,chadjones@gmail.com,0,12-04-2024
326,Randy Conley,randyconley@company.com,1,23-06-2024
327,George Miranda,georgemiranda@gmail.com,0,17-09-2020
328,Christopher Guerra,christopherguerra@company.com,1,30-11-2023
329,Carol Kim,carolkim@gmail.com,1,10-02-2022
330,Cynthia Wallace,cynthiawallace@yahoo.com,0,25-06-2021
331,Joann Ferguson,joannferguson@gmail.com,1,09-08-2021
332,Julie Conley,julieconley@gmail.com,0,24-11-2021
333,Victoria Murray,victoriamurray@yahoo.com,0,19-06-2021
334,Joseph Burch,josephburch@company.com,0,22-02-2024
335,Brenda Wright,brendawright@outlook.com,0,07-04-2023
336,Kristen Garcia,kristengarcia@outlook.com,1,15-04-2024
337,Dominique Hines,dominiquehines@gmail.com,1,03-06-2021
338,Brittany Kim,brittanykim@yahoo.com,0,16-10-2024
339,Jerry Bailey,jerrybailey@gmail.com,1,10-03-2020
340,Jonathan Young,jonathanyoung@yahoo.com,1,11-01-2025
341,Alfred Galvan,alfredgalvan@gmail.com,1,03-04-2024
342,Raven Taylor,raventaylor@gmail.com,0,29-06-2021
343,Melissa Taylor,melissataylor@company.com,0,03-08-2023
344,Aaron Miller,aaronmiller@outlook.com,1,03-05-2021
345,Kimberly Acosta,kimberlyacosta@yahoo.com,0,12-09-2022
346,Dwayne Turner,dwayneturner@outlook.com,0,18-04-2020
347,Riley Bryant,rileybryant@gmail.com,1,11-08-2020
348,Linda Smith,lindasmith@outlook.com,1,20-08-2022
349,Charles Patterson,charlespatterson@company.com,1,18-02-2023
350,Jason Beck,jasonbeck@yahoo.com,1,26-06-2020
351,Andrea Fox,andreafox@outlook.com,1,05-08-2022
352,Kristen Myers DDS,kristenmyersdds@gmail.com,1,28-03-2023
353,Mrs. Alexis Kramer,mrs.alexiskramer@yahoo.com,0,12-10-2021
354,Lori Ingram,loriingram@outlook.com,0,26-09-2023
355,Andrew Payne,andrewpayne@gmail.com,0,16-02-2024
356,Richard Marshall,richardmarshall@outlook.com,0,15-07-2023
357,Robin Brown,robinbrown@outlook.com,0,10-12-2023
358,Edward Williams,edwardwilliams@company.com,1,20-01-2021
359,Timothy Robertson,timothyrobertson@gmail.com,0,02-01-2025
360,Dawn Mullins,dawnmullins@outlook.com,0,05-01-2021
361,Richard Glenn,richardglenn@gmail.com,1,19-09-2021
362,Jacob Preston,jacobpreston@yahoo.com,1,11-10-2023
363,Jasmine Beltran,jasminebeltran@outlook.com,1,16-07-2022
364,Tim Stone PhD,timstonephd@yahoo.com,0,11-09-2023
365,Lance Short,lanceshort@company.com,0,14-10-2022
366,Bobby Guerrero,bobbyguerrero@yahoo.com,0,03-08-2021
367,Jessica Norris,jessicanorris@company.com,1,25-10-2021
368,Sergio Gomez,sergiogomez@company.com,0,18-01-2025
369,William Gould,williamgould@company.com,0,07-06-2020
370,Heidi Owen,heidiowen@outlook.com,1,16-06-2023
371,Brenda Lawson,brendalawson@yahoo.com,0,19-12-2023
372,Austin Osborne,austinosborne@company.com,0,21-11-2021
373,Keith Jacobs,keithjacobs@outlook.com,0,15-06-2023
374,Jacqueline Hines,jacquelinehines@gmail.com,0,05-12-2022
375,Jennifer Banks,jenniferbanks@gmail.com,0,22-04-2021
376,Noah Porter,noahporter@outlook.com,0,29-12-2021
377,Deborah Green,deborahgreen@gmail.com,0,16-04-2022
378,Donna Hendricks DDS,donnahendricksdds@gmail.com,0,02-09-2020
379,Jodi Roach,jodiroach@company.com,1,14-04-2022
380,Michael Bruce,michaelbruce@yahoo.com,0,27-08-2021
381,Austin Daniels,austindaniels@company.com,0,07-07-2024
382,Michelle Ho,michelleho@gmail.com,1,01-04-2023
383,Katie Martinez,katiemartinez@outlook.com,1,23-01-2021
384,Richard Johnson,richardjohnson@outlook.com,0,30-10-2022
385,Robert Arnold,robertarnold@company.com,1,13-02-2023
386,Eric Key,erickey@gmail.com,1,27-08-2023
387,Patricia Morrow,patriciamorrow@yahoo.com,0,04-06-2020
388,Maria Cole,mariacole@gmail.com,0,17-06-2023
389,Shawn Deleon,shawndeleon@gmail.com,1,04-04-2023
390,Vincent Reynolds,vincentreynolds@gmail.com,0,11-08-2024
391,Caleb Hernandez,calebhernandez@gmail.com,1,17-11-2020
392,Michael Reed,michaelreed@company.com,0,06-10-2024
393,Sarah King,sarahking@outlook.com,0,27-03-2023
394,Beth Turner,bethturner@company.com,0,22-09-2022
395,Caroline David,carolinedavid@yahoo.com,0,29-10-2020
396,Michelle Jacobs,michellejacobs@yahoo.com,0,09-04-2024
397,Samantha Johnson,samanthajohnson@yahoo.com,1,14-04-2020
398,Laura Curtis,lauracurtis@gmail.com,0,23-11-2023
399,Mark Jimenez,markjimenez@company.com,0,12-03-2023
400,Tyler Webb,tylerwebb@outlook.com,1,31-01-2024
401,Elizabeth Jones,elizabethjones@outlook.com,0,10-05-2020
402,John Harris,johnharris@company.com,1,03-02-2023
403,Nathan Gross,nathangross@company.com,0,12-05-2024
404,Bianca Wood,biancawood@outlook.com,0,13-11-2022
405,John Adams,johnadams@company.com,0,18-04-2021
406,Dylan Cruz,dylancruz@outlook.com,1,19-02-2023
407,Sean Moore,seanmoore@yahoo.com,0,11-09-2021
408,Emily Hines,emilyhines@yahoo.com,0,20-07-2022
409,Kathleen Parker,kathleenparker@gmail.com,0,04-03-2020
410,Kathy Levy,kathylevy@company.com,0,18-02-2021
411,Anthony Simpson,anthonysimpson@company.com,1,21-06-2024
412,Julie Herrera,julieherrera@company.com,1,17-04-2024
413,Stephen Luna,stephenluna@yahoo.com,0,17-11-2023
414,James Hudson,jameshudson@gmail.com,0,11-01-2021
415,Angel Gordon,angelgordon@gmail.com,0,18-11-2023
416,William Becker,williambecker@gmail.com,1,26-08-2020
417,Jennifer Norton,jennifernorton@company.com,1,02-10-2021
418,Nicole Gonzalez,nicolegonzalez@gmail.com,0,09-08-2022
419,Amber Taylor,ambertaylor@outlook.com,0,21-09-2021
420,Jesus Obrien,jesusobrien@company.com,1,20-08-2022
421,Louis Martin,louismartin@outlook.com,0,04-01-2025
422,Elizabeth Rogers,elizabethrogers@outlook.com,0,14-03-2024
423,Michelle Evans,michelleevans@gmail.com,1,20-02-2024
424,Michael Whitney,michaelwhitney@yahoo.com,0,23-12-2022
425,Molly Watts,mollywatts@yahoo.com,1,10-03-2020
426,Walter Patton,walterpatton@company.com,1,10-12-2023
427,Mikayla Silva,mikaylasilva@gmail.com,0,28-11-2020
428,Lisa Randall,lisarandall@yahoo.com,0,17-10-2020
429,Amanda Vaughan,amandavaughan@gmail.com,1,09-08-2020
430,Erik Hernandez,erikhernandez@outlook.com,1,06-07-2023
431,Reginald Knapp,reginaldknapp@outlook.com,0,03-06-2024
432,Amy Taylor,amytaylor@outlook.com,0,03-02-2021
433,Matthew Fox,matthewfox@yahoo.com,1,17-08-2021
434,Thomas Peterson,thomaspeterson@company.com,1,30-10-2021
435,Michelle Schneider,michelleschneider@yahoo.com,1,11-07-2023
436,Cheryl Wright,cherylwright@gmail.com,0,06-11-2022
437,William Evans,williamevans@yahoo.com,0,03-07-2021
438,Michael Stewart,michaelstewart@yahoo.com,1,20-10-2021
439,Rebecca Hill,rebeccahill@company.com,0,31-08-2020
440,Jamie Baird,jamiebaird@company.com,0,25-02-2024
441,Regina Roberts,reginaroberts@gmail.com,0,30-06-2021
442,Hannah Ramos,hannahramos@outlook.com,1,04-05-2021
443,Dale Ryan,daleryan@gmail.com,0,21-09-2024
444,Breanna Gilbert,breannagilbert@outlook.com,0,29-12-2022
445,Michael Schmidt,michaelschmidt@company.com,0,01-04-2023
446,Jason Love,jasonlove@company.com,0,23-07-2020
447,Abigail Pierce,abigailpierce@yahoo.com,0,14-09-2024
448,Timothy Johns,timothyjohns@company.com,1,12-06-2022
449,Victor Morris,victormorris@yahoo.com,0,16-04-2023
450,Ann Andrews,annandrews@outlook.com,0,25-09-2022
451,Taylor Gentry,taylorgentry@outlook.com,1,06-12-2020
452,Casey Gillespie,caseygillespie@company.com,0,16-01-2025
453,Jon Zuniga,jonzuniga@gmail.com,1,13-11-2024
454,Sherri Smith,sherrismith@company.com,0,24-11-2022
455,William Mitchell,williammitchell@yahoo.com,0,02-01-2025
456,Kathleen Mays,kathleenmays@yahoo.com,1,24-04-2024
457,Corey Rodriguez,coreyrodriguez@outlook.com,1,13-11-2020
458,David Lopez,davidlopez@gmail.com,1,28-09-2023
459,Laura Todd,lauratodd@outlook.com,0,07-12-2020
460,Stephanie Wilcox,stephaniewilcox@gmail.com,0,20-08-2022
461,Michael Lopez,michaellopez@yahoo.com,1,04-10-2020
462,David Green,davidgreen@outlook.com,0,27-03-2021
463,Tiffany Turner,tiffanyturner@company.com,1,03-09-2023
464,Matthew Schwartz,matthewschwartz@yahoo.com,1,14-05-2020
465,Eric Sullivan,ericsullivan@outlook.com,0,28-07-2022
466,Michele Collins,michelecollins@yahoo.com,0,23-08-2020
467,Elizabeth Mendez,elizabethmendez@company.com,0,25-02-2021
468,Christian Adkins,christianadkins@outlook.com,1,01-02-2023
469,Joshua Ruiz,joshuaruiz@company.com,1,30-09-2022
470,Colleen Wright,colleenwright@yahoo.com,1,31-10-2023
471,Angela Griffin,angelagriffin@company.com,0,30-07-2023
472,Justin Brown,justinbrown@gmail.com,0,18-10-2022
473,Laura Hernandez,laurahernandez@gmail.com,0,12-09-2021
474,Audrey Harris,audreyharris@gmail.com,0,22-12-2022
475,Jordan Stokes,jordanstokes@outlook.com,0,29-04-2022
476,Joyce Brown,joycebrown@company.com,0,15-05-2022
477,Miranda Foster,mirandafoster@gmail.com,1,21-02-2024
478,Laura Williams,laurawilliams@company.com,1,12-10-2021
479,Zachary Michael,zacharymichael@outlook.com,1,27-05-2020
480,Amanda Ortiz,amandaortiz@gmail.com,0,26-11-2023
481,Veronica Brewer,veronicabrewer@outlook.com,0,28-02-2022
482,Janet Kane DVM,janetkanedvm@gmail.com,1,08-12-2021
483,Mary Ryan,maryryan@gmail.com,1,30-04-2023
484,Christopher Medina,christophermedina@outlook.com,0,14-09-2022
485,Courtney Smith,courtneysmith@gmail.com,1,03-03-2020
486,Michael Stephens,michaelstephens@yahoo.com,1,19-09-2022
487,Danielle Reed,daniellereed@company.com,0,08-06-2021
488,Molly Rodriguez,mollyrodriguez@outlook.com,0,08-02-2024
489,Ralph Stephenson,ralphstephenson@yahoo.com,0,19-02-2020
490,Brian Johnson,brianjohnson@gmail.com,0,18-01-2023
491,Amber Yang,amberyang@company.com,0,25-01-2022
492,Daniel Shields,danielshields@gmail.com,0,04-05-2020
493,Donna Cabrera,donnacabrera@yahoo.com,0,19-09-2023
494,Kyle Chambers,kylechambers@company.com,1,29-08-2021
495,Charles Keller,charleskeller@outlook.com,1,28-02-2021
496,Antonio Fry,antoniofry@outlook.com,0,16-06-2024
497,Lori Simmons,lorisimmons@gmail.com,0,15-07-2022
498,Teresa Powers,teresapowers@outlook.com,1,27-12-2023
499,Jason Hernandez,jasonhernandez@gmail.com,0,09-12-2021
500,Kara Atkinson,karaatkinson@gmail.com,1,24-07-2021
501,Renee Melendez,reneemelendez@gmail.com,1,14-11-2022
502,Kristin Anderson,kristinanderson@outlook.com,1,09-04-2021
503,Matthew Nielsen,matthewnielsen@yahoo.com,1,17-04-2024
504,Nathaniel Lee,nathaniellee@gmail.com,1,26-05-2021
505,Lindsey Russo,lindseyrusso@yahoo.com,1,30-12-2020
506,Misty Hansen,mistyhansen@outlook.com,1,15-06-2022
507,Felicia Krueger,feliciakrueger@gmail.com,0,19-02-2020
508,Tonya Wilson,tonyawilson@yahoo.com,1,21-01-2025
509,David Munoz,davidmunoz@outlook.com,1,29-01-2021
510,Kristen Rowe,kristenrowe@gmail.com,1,17-12-2021
511,Heather Green,heathergreen@yahoo.com,1,15-08-2022
512,Brett Zavala MD,brettzavalamd@outlook.com,1,04-04-2024
513,Jacqueline Gutierrez,jacquelinegutierrez@outlook.com,1,14-11-2022
514,Charles Green,charlesgreen@yahoo.com,0,24-09-2024
515,Jennifer Hernandez,jenniferhernandez@gmail.com,1,15-09-2021
516,Roy Porter,royporter@company.com,1,01-05-2023
517,Dawn Underwood,dawnunderwood@gmail.com,0,21-11-2024
518,Katherine Jackson,katherinejackson@company.com,0,13-01-2024
519,Nathan Freeman,nathanfreeman@gmail.com,0,23-08-2024
520,Maria Brown,mariabrown@yahoo.com,1,23-03-2020
521,Theresa Barnett,theresabarnett@outlook.com,0,18-11-2023
522,Ryan Hall,ryanhall@gmail.com,1,05-08-2023
523,Jonathan Brooks,jonathanbrooks@company.com,0,23-02-2023
524,Lisa Webb,lisawebb@company.com,1,01-07-2022
525,Juan Smith,juansmith@company.com,0,15-09-2022
526,William Smith,williamsmith@gmail.com,1,15-02-2024
527,Renee Browning,reneebrowning@outlook.com,1,04-08-2020
528,Chase Lee,chaselee@gmail.com,1,09-09-2022
529,Debra Sanders,debrasanders@outlook.com,0,03-12-2021
530,Karl Branch,karlbranch@company.com,0,09-03-2021
531,Sarah Valdez,sarahvaldez@company.com,0,07-05-2024
532,Anna Gray,annagray@gmail.com,1,27-10-2022
533,Adam Jackson,adamjackson@yahoo.com,0,23-07-2022
534,Richard Knight,richardknight@company.com,1,07-05-2024
535,Joseph Williams,josephwilliams@company.com,0,11-02-2021
536,Stacy Alvarez,stacyalvarez@company.com,0,16-04-2020
537,Timothy Lam,timothylam@company.com,1,16-11-2022
538,Timothy Edwards,timothyedwards@outlook.com,0,12-11-2024
539,Nicole Marquez,nicolemarquez@outlook.com,0,18-01-2022
540,Christopher Allen,christopherallen@outlook.com,1,25-03-2024
541,Steven Rivera,stevenrivera@company.com,1,02-11-2023
542,William Ramsey,williamramsey@gmail.com,1,24-07-2022
543,Amy Kim,amykim@gmail.com,0,02-04-2024
544,Randy Friedman,randyfriedman@gmail.com,0,15-01-2022
545,Alyssa Nelson,alyssanelson@yahoo.com,1,08-01-2025
546,Henry Pugh MD,henrypughmd@outlook.com,1,16-06-2023
547,Angelica Montgomery,angelicamontgomery@company.com,0,19-01-2024
548,Angela Moore,angelamoore@company.com,1,14-08-2023
549,Nancy Stewart,nancystewart@outlook.com,0,03-08-2020
550,Eric Ward,ericward@outlook.com,1,28-05-2021
551,Cody Cole,codycole@yahoo.com,1,31-10-2022
552,Alexander Gomez,alexandergomez@company.com,1,10-07-2020
553,Erika Cruz,erikacruz@gmail.com,0,08-07-2021
554,Bradley Santana,bradleysantana@outlook.com,1,01-08-2024
555,Laura Jackson,laurajackson@outlook.com,1,17-12-2021
556,Eric Snyder,ericsnyder@company.com,1,16-05-2020
557,Jason Washington,jasonwashington@outlook.com,1,10-06-2020
558,David Weber,davidweber@yahoo.com,0,10-01-2023
559,Brian Torres,briantorres@outlook.com,0,20-10-2024
560,Manuel Brock,manuelbrock@outlook.com,1,15-09-2021
561,Robert Villarreal,robertvillarreal@yahoo.com,1,05-12-2024
562,Frank Valentine,frankvalentine@company.com,1,22-01-2021
563,Vincent Novak,vincentnovak@yahoo.com,1,07-07-2021
564,Katherine Johnston,katherinejohnston@gmail.com,1,08-04-2021
565,Robert Long,robertlong@company.com,0,17-08-2020
566,Leslie Gardner,lesliegardner@company.com,0,20-06-2023
567,Tiffany Murray,tiffanymurray@yahoo.com,0,08-08-2023
568,Eddie Schwartz,eddieschwartz@outlook.com,0,26-02-2024
569,Jennifer Porter,jenniferporter@gmail.com,1,24-03-2023
570,Matthew Espinoza,matthewespinoza@yahoo.com,1,02-01-2024
571,William Mendoza,williammendoza@gmail.com,1,23-01-2022
572,Tami Holt,tamiholt@outlook.com,0,11-10-2022
573,Heather Woodard,heatherwoodard@company.com,0,28-09-2022
574,Angela Mack,angelamack@company.com,0,07-05-2023
575,Matthew Williams,matthewwilliams@outlook.com,1,23-12-2024
576,Jennifer Goodwin,jennifergoodwin@gmail.com,0,20-11-2024
577,Adam Green,adamgreen@company.com,1,12-08-2022
578,Lauren Johnston,laurenjohnston@outlook.com,0,15-04-2022
579,Raymond Chapman,raymondchapman@outlook.com,1,24-07-2022
580,Alexander Garcia,alexandergarcia@yahoo.com,0,19-02-2022
581,Audrey Shepard,audreyshepard@gmail.com,1,06-10-2020
582,Jesse Clark,jesseclark@yahoo.com,0,22-06-2022
583,Jeffrey Horton,jeffreyhorton@yahoo.com,1,26-08-2021
584,Robert Wilson,robertwilson@outlook.com,0,21-04-2024
585,Megan Martin,meganmartin@outlook.com,1,23-12-2024
586,Christopher Moore,christophermoore@gmail.com,0,09-11-2022
587,Crystal Sullivan,crystalsullivan@company.com,1,23-12-2020
588,Jessica Johnson,jessicajohnson@yahoo.com,0,16-02-2023
589,Kevin Price,kevinprice@yahoo.com,0,01-08-2023
590,Paul Stokes,paulstokes@gmail.com,0,15-05-2020
591,Shane Lopez,shanelopez@gmail.com,0,08-09-2021
592,Dennis Huffman,dennishuffman@gmail.com,0,12-09-2022
593,Linda Carr,lindacarr@gmail.com,0,29-12-2022
594,Ryan Williamson,ryanwilliamson@company.com,0,16-02-2024
595,Elizabeth Mendez,elizabethmendez@company.com,0,24-06-2020
596,Bruce Torres,brucetorres@gmail.com,0,21-12-2020
597,Kayla Barnes,kaylabarnes@gmail.com,0,29-09-2020
598,Cody Reid,codyreid@yahoo.com,0,11-07-2023
599,Zoe Peters,zoepeters@outlook.com,1,04-07-2022
600,Ernest Hayes,ernesthayes@company.com,1,28-04-2020
601,Adam Taylor,adamtaylor@yahoo.com,0,19-02-2024
602,Kathy Simpson,kathysimpson@company.com,1,25-06-2023
603,Ryan Burns,ryanburns@company.com,0,21-06-2020
604,Philip Carter,philipcarter@outlook.com,1,07-06-2021
605,Carol Ellis,carolellis@outlook.com,1,09-10-2023
606,Krista Wilson,kristawilson@gmail.com,1,17-08-2020
607,Samantha Richardson,samantharichardson@yahoo.com,0,03-03-2024
608,Nathan Payne,nathanpayne@outlook.com,1,03-01-2025
609,Ronald Potter,ronaldpotter@yahoo.com,1,18-07-2021
610,Mrs. Hannah Montoya MD,mrs.hannahmontoyamd@yahoo.com,0,10-01-2025
611,Cynthia Cochran,cynthiacochran@yahoo.com,1,31-12-2022
612,Michael Chen,michaelchen@yahoo.com,1,20-11-2020
613,Daniel Clark,danielclark@yahoo.com,0,09-05-2020
614,Douglas Ryan,douglasryan@company.com,0,04-09-2021
615,Donna Adams,donnaadams@outlook.com,0,07-05-2024
616,Miss Anna Estes,missannaestes@yahoo.com,0,27-12-2023
617,Wendy Camacho,wendycamacho@gmail.com,0,09-09-2020
618,Danielle Dawson,danielledawson@company.com,0,14-03-2024
619,Megan Burns,meganburns@outlook.com,1,11-12-2022
620,Jason Hayes,jasonhayes@outlook.com,1,24-03-2023
621,Anna Robertson,annarobertson@outlook.com,0,13-06-2021
622,Jackie Clements,jackieclements@company.com,1,10-09-2021
623,Raymond Oconnor,raymondoconnor@gmail.com,0,18-09-2023
624,Matthew Howard,matthewhoward@outlook.com,1,16-05-2020
625,Claudia Jordan,claudiajordan@gmail.com,0,12-02-2021
626,Ronald Morgan,ronaldmorgan@company.com,1,12-12-2022
627,Karina Cooper,karinacooper@company.com,1,22-06-2023
628,Brett Bowers,brettbowers@outlook.com,0,10-05-2022
629,Scott Alexander,scottalexander@yahoo.com,1,23-01-2020
630,Christina Barker,christinabarker@company.com,1,19-09-2020
631,Caitlin Cantu,caitlincantu@outlook.com,1,05-06-2021
632,Danielle Watson,daniellewatson@yahoo.com,1,30-07-2024
633,James Torres,jamestorres@yahoo.com,0,22-07-2023
634,Matthew Padilla,matthewpadilla@company.com,1,23-01-2020
635,Casey Perez,caseyperez@outlook.com,0,17-06-2023
636,Michael Montoya,michaelmontoya@outlook.com,0,31-12-2024
637,Carlos Jones,carlosjones@company.com,0,21-12-2021
638,Ashley Edwards,ashleyedwards@gmail.com,0,18-06-2024
639,Raymond Mullins,raymondmullins@gmail.com,0,21-09-2020
640,Brenda Moreno MD,brendamorenomd@gmail.com,0,23-04-2023
641,Nathan Fuller,nathanfuller@outlook.com,0,24-10-2020
642,Michael Heath,michaelheath@yahoo.com,0,28-06-2020
643,Paul Lawrence,paullawrence@gmail.com,1,23-12-2021
644,Emily Taylor,emilytaylor@outlook.com,0,11-06-2021
645,Juan Greene,juangreene@company.com,1,05-02-2023
646,Melissa Abbott,melissaabbott@gmail.com,0,08-05-2023
647,Joseph Hicks,josephhicks@company.com,0,19-10-2023
648,Anthony Hurst,anthonyhurst@yahoo.com,1,31-10-2024
649,Brian Porter MD,brianportermd@company.com,0,13-09-2022
650,Victoria Peck,victoriapeck@gmail.com,0,19-09-2020
651,Laura Diaz,lauradiaz@outlook.com,1,22-06-2023
652,Tiffany Townsend,tiffanytownsend@yahoo.com,0,21-02-2020
653,Dennis Williams,denniswilliams@company.com,1,11-05-2020
654,Katie Fuller,katiefuller@yahoo.com,1,25-07-2022
655,Michael Miller,michaelmiller@yahoo.com,1,28-09-2022
656,Diamond Collins,diamondcollins@outlook.com,1,13-08-2022
657,Robert Herrera,robertherrera@gmail.com,0,04-01-2022
658,Sandra Becker,sandrabecker@yahoo.com,0,21-05-2020
659,Monica Mathis,monicamathis@yahoo.com,1,06-05-2020
660,Jeffrey Chavez,jeffreychavez@yahoo.com,1,07-02-2023
661,Patrick Yang,patrickyang@company.com,1,27-08-2020
662,Meredith Martin,meredithmartin@company.com,0,28-10-2024
663,Rachel Le,rachelle@yahoo.com,0,22-11-2020
664,Richard Adams,richardadams@outlook.com,0,28-06-2024
665,Alyssa Roman,alyssaroman@yahoo.com,1,01-06-2021
666,Michael Ray,michaelray@outlook.com,0,10-06-2020
667,Ian Porter,ianporter@yahoo.com,0,22-11-2022
668,David Garcia,davidgarcia@company.com,0,05-12-2022
669,Crystal Hicks,crystalhicks@outlook.com,0,11-04-2020
670,Dana Ruiz,danaruiz@company.com,1,21-12-2021
671,Timothy Mathews,timothymathews@yahoo.com,1,28-10-2022
672,Natalie Barnes,nataliebarnes@outlook.com,1,31-08-2021
673,Nathan Nelson,nathannelson@company.com,0,12-06-2020
674,Jonathan Winters,jonathanwinters@gmail.com,1,14-12-2020
675,Vicki Finley,vickifinley@outlook.com,1,26-05-2020
676,Douglas Kirk,douglaskirk@yahoo.com,0,10-09-2021
677,Aimee Gonzalez,aimeegonzalez@company.com,1,17-11-2022
678,Marcus Marshall,marcusmarshall@company.com,1,07-01-2023
679,Raymond Gonzalez DVM,raymondgonzalezdvm@yahoo.com,0,11-11-2023
680,Aaron Ortiz,aaronortiz@outlook.com,1,22-03-2021
681,Ryan Wiley,ryanwiley@company.com,1,24-10-2024
682,Matthew Sweeney,matthewsweeney@company.com,0,11-09-2023
683,Joseph Allen,josephallen@yahoo.com,0,08-07-2022
684,Zachary Dawson,zacharydawson@gmail.com,0,09-07-2020
685,Stephanie Meyer,stephaniemeyer@yahoo.com,1,25-07-2023
686,William Miller,williammiller@outlook.com,1,14-07-2020
687,Robert Jones,robertjones@outlook.com,1,24-11-2022
688,Victor Young,victoryoung@yahoo.com,1,12-05-2021
689,Robert Haynes,roberthaynes@outlook.com,0,26-09-2023
690,Dillon Jones,dillonjones@yahoo.com,0,26-01-2021
691,Lauren Moore,laurenmoore@company.com,1,17-11-2020
692,Jason Herrera,jasonherrera@gmail.com,1,18-11-2024
693,Eric Baker,ericbaker@outlook.com,1,28-08-2020
694,Michael Mckenzie,michaelmckenzie@yahoo.com,0,18-07-2023
695,Russell Murphy,russellmurphy@gmail.com,0,06-07-2020
696,Henry Palmer,henrypalmer@yahoo.com,0,12-06-2023
697,William Johnson,williamjohnson@gmail.com,1,29-01-2022
698,Paul Wright,paulwright@yahoo.com,0,15-05-2022
699,Brenda Smith,brendasmith@company.com,1,18-03-2024
700,Mrs. Samantha Watson,mrs.samanthawatson@gmail.com,0,18-03-2023
701,Lauren Green,laurengreen@gmail.com,1,14-02-2024
702,Austin Orr,austinorr@yahoo.com,0,11-04-2022
703,Taylor Calderon,taylorcalderon@company.com,1,18-09-2021
704,Joel Jackson,joeljackson@outlook.com,1,05-12-2022
705,Jennifer Johnson,jenniferjohnson@company.com,1,23-06-2023
706,Daniel Lopez,daniellopez@gmail.com,0,16-06-2021
707,Amanda Harvey,amandaharvey@gmail.com,1,15-04-2021
708,Jason Pierce,jasonpierce@company.com,0,12-05-2020
709,Chad Gonzalez,chadgonzalez@gmail.com,0,25-06-2024
710,Lydia Pham,lydiapham@outlook.com,0,13-01-2024
711,Rachael Howard DDS,rachaelhowarddds@gmail.com,0,25-06-2022
712,Kathryn Price,kathrynprice@gmail.com,0,15-12-2020
713,Daniel Huang,danielhuang@yahoo.com,1,14-12-2023
714,William Moreno,williammoreno@outlook.com,1,23-11-2023
715,Dr. Ariel Sandoval MD,dr.arielsandovalmd@gmail.com,0,21-02-2024
716,Amy Davies,amydavies@outlook.com,1,25-02-2021
717,Rebecca Kelly,rebeccakelly@company.com,0,03-04-2024
718,Casey Watkins,caseywatkins@yahoo.com,1,02-02-2024
719,Suzanne Johnson,suzannejohnson@gmail.com,0,24-07-2023
720,Kristy Hart,kristyhart@gmail.com,0,30-12-2020
721,Sierra Vasquez MD,sierravasquezmd@yahoo.com,1,06-07-2022
722,David Robinson,davidrobinson@yahoo.com,1,09-09-2022
723,Thomas Harris,thomasharris@outlook.com,0,16-09-2020
724,Tamara Richard,tamararichard@company.com,0,04-09-2021
725,Kevin Stark,kevinstark@outlook.com,1,06-12-2023
726,Shannon Yu,shannonyu@yahoo.com,0,04-12-2021
727,Jennifer Garcia,jennifergarcia@outlook.com,1,26-07-2021
728,Christopher Fry,christopherfry@outlook.com,0,07-01-2024
729,Marie Thompson,mariethompson@gmail.com,0,25-11-2024
730,Tanya Buchanan,tanyabuchanan@company.com,0,04-03-2021
731,Casey Parker,caseyparker@company.com,0,02-07-2023
732,Nicholas Rush,nicholasrush@outlook.com,1,20-10-2024
733,Zachary Sanford,zacharysanford@company.com,0,21-03-2020
734,Tammy Ponce,tammyponce@outlook.com,0,28-02-2021
735,Taylor Taylor,taylortaylor@gmail.com,0,14-10-2023
736,William Jackson,williamjackson@gmail.com,0,26-06-2024
737,Michael Fowler,michaelfowler@yahoo.com,0,28-06-2024
738,Derek Wright,derekwright@outlook.com,1,24-05-2020
739,Brian Smith,briansmith@gmail.com,0,27-12-2021
740,Tracy Wilkerson,tracywilkerson@outlook.com,0,10-07-2022
741,Joshua Garcia,joshuagarcia@company.com,0,16-06-2022
742,Marilyn Mcdaniel,marilynmcdaniel@yahoo.com,0,14-11-2020
743,Ryan Phillips,ryanphillips@outlook.com,0,26-08-2021
744,Angela Jackson,angelajackson@gmail.com,0,07-12-2021
745,Kimberly Villanueva,kimberlyvillanueva@company.com,0,10-07-2020
746,Lisa Webb,lisawebb@gmail.com,1,18-03-2020
747,Carmen Preston,carmenpreston@company.com,0,04-11-2020
748,Daniel Lee,daniellee@yahoo.com,1,18-07-2023
749,Monica Baker,monicabaker@yahoo.com,0,19-06-2021
750,Anthony Armstrong,anthonyarmstrong@gmail.com,1,04-04-2024
751,Isaac Patterson,isaacpatterson@gmail.com,1,13-07-2021
752,Lindsay Gonzalez,lindsaygonzalez@outlook.com,0,09-03-2020
753,Edgar Miller,edgarmiller@company.com,1,11-04-2024
754,James Burns,jamesburns@yahoo.com,0,13-05-2023
755,Joshua Lopez,joshualopez@outlook.com,0,26-06-2024
756,Jeremy Baker,jeremybaker@company.com,1,20-05-2022
757,Derrick Brown,derrickbrown@yahoo.com,0,27-10-2023
758,Angelica Cooper,angelicacooper@company.com,0,07-10-2022
759,Leah Spencer,leahspencer@outlook.com,1,06-04-2024
760,Jennifer Nichols,jennifernichols@gmail.com,1,23-05-2024
761,Stephen Alvarez,stephenalvarez@yahoo.com,0,14-06-2020
762,Michelle Shaw,michelleshaw@company.com,1,24-07-2024
763,Megan Oliver,meganoliver@outlook.com,0,28-08-2020
764,Carrie Joyce,carriejoyce@company.com,1,02-12-2024
765,Beth Henderson,bethhenderson@outlook.com,0,31-12-2024
766,Zachary Burton,zacharyburton@yahoo.com,1,24-03-2024
767,Thomas Sloan,thomassloan@yahoo.com,1,23-05-2020
768,James Nguyen,jamesnguyen@company.com,1,09-06-2021
769,Shane Buchanan,shanebuchanan@company.com,1,05-03-2023
770,Jennifer Perry,jenniferperry@outlook.com,0,18-10-2020
771,Olivia Ayers,oliviaayers@gmail.com,0,06-09-2024
772,Ashlee Mitchell,ashleemitchell@outlook.com,1,26-09-2022
773,Jason Reyes,jasonreyes@yahoo.com,0,27-06-2022
774,Amanda Hill,amandahill@yahoo.com,1,10-10-2020
775,Melissa Williams,melissawilliams@yahoo.com,1,04-07-2024
776,David Reese,davidreese@yahoo.com,0,30-08-2024
777,Alicia Roth,aliciaroth@gmail.com,0,28-07-2021
778,John Horton,johnhorton@outlook.com,0,19-07-2020
779,Brandy Mccann,brandymccann@yahoo.com,1,10-04-2022
780,Debra Butler,debrabutler@gmail.com,0,15-04-2023
781,Daniel Holloway,danielholloway@company.com,0,06-10-2023
782,Sharon Nicholson,sharonnicholson@company.com,0,20-08-2022
783,Eric Hunter,erichunter@gmail.com,1,25-09-2020
784,Sherry Johnson,sherryjohnson@outlook.com,1,08-01-2021
785,Sara Wright,sarawright@company.com,0,04-05-2022
786,Michele Hill,michelehill@outlook.com,1,05-03-2024
787,Madison Martinez,madisonmartinez@yahoo.com,1,17-03-2020
788,Kirk Thompson,kirkthompson@company.com,1,30-05-2024
789,Hannah Martin,hannahmartin@gmail.com,1,13-07-2024
790,Melissa Mitchell,melissamitchell@outlook.com,1,28-12-2021
791,Kenneth Hanna,kennethhanna@yahoo.com,0,05-05-2024
792,Megan Adams,meganadams@yahoo.com,0,08-02-2022
793,Richard Saunders,richardsaunders@outlook.com,1,07-02-2020
794,Maria Burke,mariaburke@outlook.com,1,06-02-2020
795,Robert Torres,roberttorres@outlook.com,1,22-11-2024
796,Jessica Bennett,jessicabennett@outlook.com,1,20-10-2021
797,John Byrd,johnbyrd@yahoo.com,1,07-03-2024
798,Brian Hunt,brianhunt@yahoo.com,0,16-05-2023
799,Jacqueline Holland,jacquelineholland@gmail.com,1,07-02-2023
800,Brian Brown,brianbrown@gmail.com,1,31-12-2024
801,Shannon Green,shannongreen@outlook.com,1,13-08-2023
802,Elizabeth Hernandez,elizabethhernandez@company.com,1,20-11-2023
803,Renee Lang,reneelang@company.com,0,22-01-2023
804,Melanie Griffith,melaniegriffith@outlook.com,0,03-05-2023
805,Deanna Barnes MD,deannabarnesmd@yahoo.com,0,26-03-2020
806,Laura Lee,lauralee@outlook.com,0,10-09-2023
807,Joseph Glover,josephglover@gmail.com,1,04-08-2024
808,Katie Bruce,katiebruce@yahoo.com,0,05-04-2024
809,Catherine Davis,catherinedavis@company.com,0,11-09-2020
810,Robert Hines,roberthines@company.com,1,21-12-2020
811,Gabriela Davis,gabrieladavis@outlook.com,1,01-11-2021
812,Elizabeth French,elizabethfrench@outlook.com,0,18-09-2021
813,Edward York,edwardyork@outlook.com,0,30-05-2022
814,Lauren Blackburn,laurenblackburn@yahoo.com,0,31-05-2020
815,Kathryn Dillon,kathryndillon@gmail.com,0,19-12-2021
816,Anthony Dickerson,anthonydickerson@yahoo.com,0,28-09-2020
817,Jason Hudson,jasonhudson@gmail.com,0,04-08-2024
818,Eugene Baldwin,eugenebaldwin@company.com,1,15-12-2023
819,Mr. Christopher Walters,mr.christopherwalters@yahoo.com,1,30-01-2020
820,Philip Jackson,philipjackson@gmail.com,0,18-11-2023
821,Phillip Miller DDS,phillipmillerdds@company.com,0,24-03-2023
822,Vincent Reyes,vincentreyes@yahoo.com,1,30-03-2020
823,Jake Smith,jakesmith@outlook.com,0,01-09-2021
824,Cheryl Rhodes,cherylrhodes@yahoo.com,1,11-03-2023
825,Michael Cooper,michaelcooper@company.com,0,13-09-2020
826,Kevin Jackson,kevinjackson@company.com,0,06-03-2024
827,Earl Luna,earlluna@company.com,1,15-01-2023
828,Stephen Cowan,stephencowan@gmail.com,0,09-10-2021
829,Heather Lopez,heatherlopez@company.com,1,19-10-2024
830,Jennifer Perez,jenniferperez@yahoo.com,0,11-09-2023
831,Nicholas Lawrence,nicholaslawrence@gmail.com,1,25-11-2020
832,Matthew Johnson,matthewjohnson@outlook.com,0,10-06-2024
833,Joseph Williams,josephwilliams@company.com,0,12-01-2025
834,Martha Smith,marthasmith@gmail.com,1,05-07-2023
835,James Kelley,jameskelley@company.com,1,06-06-2022
836,Michael Mccoy,michaelmccoy@outlook.com,0,25-07-2021
837,Mary Nelson,marynelson@company.com,0,01-02-2023
838,Ronald Garcia,ronaldgarcia@gmail.com,0,27-08-2023
839,Brian Rodriguez,brianrodriguez@gmail.com,1,18-01-2021
840,Dennis Mills,dennismills@outlook.com,0,24-01-2021
841,Elizabeth Williams,elizabethwilliams@gmail.com,0,16-07-2022
842,Timothy Rivera,timothyrivera@company.com,0,27-01-2020
843,Susan Conley,susanconley@gmail.com,1,28-05-2023
844,Brandon Hunt,brandonhunt@gmail.com,0,04-09-2023
845,David Hall,davidhall@outlook.com,0,01-01-2025
846,John Garcia,johngarcia@outlook.com,1,06-12-2020
847,Dylan Solis,dylansolis@yahoo.com,0,15-08-2021
848,Anna Chang,annachang@gmail.com,1,14-04-2020
849,Mary Jackson,maryjackson@gmail.com,1,05-11-2021
850,Marco Johns,marcojohns@outlook.com,0,09-07-2020
851,Catherine Morales,catherinemorales@company.com,1,14-11-2024
852,James Jefferson,jamesjefferson@yahoo.com,0,22-01-2024
853,Rebecca Wilson,rebeccawilson@outlook.com,1,16-07-2023
854,Tommy Moore,tommymoore@company.com,0,20-02-2022
855,Rebekah Gregory,rebekahgregory@outlook.com,0,18-12-2020
856,Ian Johnson,ianjohnson@outlook.com,0,25-06-2023
857,Valerie Anderson,valerieanderson@gmail.com,0,29-08-2024
858,Jason Williams,jasonwilliams@outlook.com,1,13-05-2021
859,Michael Gregory,michaelgregory@company.com,0,24-11-2023
860,Krystal Levine,krystallevine@gmail.com,0,29-05-2023
861,Joseph Haynes,josephhaynes@outlook.com,1,14-07-2020
862,Danielle Reed,daniellereed@gmail.com,0,10-06-2023
863,Ryan Grant,ryangrant@yahoo.com,0,30-12-2024
864,Mason Moore,masonmoore@yahoo.com,1,20-04-2024
865,Sheila Jones,sheilajones@gmail.com,1,08-07-2022
866,Wayne Williams,waynewilliams@yahoo.com,1,03-03-2021
867,Jennifer Young,jenniferyoung@company.com,0,09-05-2022
868,Joan Gates,joangates@company.com,1,17-04-2022
869,Jonathan Valdez,jonathanvaldez@company.com,1,27-07-2020
870,Justin Smith,justinsmith@company.com,0,06-07-2020
871,Lisa Torres,lisatorres@gmail.com,1,07-08-2022
872,Michael Clements,michaelclements@yahoo.com,0,15-11-2021
873,Daniel Gibson,danielgibson@company.com,0,10-11-2022
874,Kara Sandoval,karasandoval@outlook.com,1,21-08-2023
875,Peter Walker,peterwalker@company.com,0,06-10-2021
876,Tracey Carter,traceycarter@outlook.com,0,01-09-2022
877,Amber Martin,ambermartin@company.com,1,04-10-2020
878,Mikayla Rodriguez,mikaylarodriguez@yahoo.com,0,11-02-2023
879,Timothy Long,timothylong@outlook.com,1,06-05-2022
880,Michelle Rodriguez,michellerodriguez@outlook.com,0,17-02-2022
881,Sara Chapman,sarachapman@yahoo.com,0,02-12-2023
882,Matthew Blanchard,matthewblanchard@outlook.com,0,23-09-2020
883,Mr. Anthony Mcconnell PhD,mr.anthonymcconnellphd@outlook.com,0,22-06-2022
884,Tammy Thompson,tammythompson@outlook.com,1,14-12-2022
885,Betty Hughes,bettyhughes@company.com,0,23-01-2023
886,Kathy Cruz,kathycruz@outlook.com,1,15-12-2024
887,Pamela Hill,pamelahill@outlook.com,1,16-11-2024
888,Jodi Anderson,jodianderson@outlook.com,1,14-02-2022
889,Nicole Evans,nicoleevans@outlook.com,0,26-07-2023
890,Michelle Walls,michellewalls@outlook.com,0,22-03-2023
891,Marcus Roberts,marcusroberts@yahoo.com,1,13-10-2021
892,Vicki Santos,vickisantos@outlook.com,0,06-11-2024
893,Melissa Morris,melissamorris@yahoo.com,1,19-08-2020
894,John Duncan,johnduncan@yahoo.com,1,24-05-2023
895,Paul Skinner,paulskinner@gmail.com,1,27-06-2021
896,Rhonda Mills,rhondamills@yahoo.com,1,08-03-2020
897,Michael Gonzalez,michaelgonzalez@gmail.com,0,23-10-2023
898,Dustin King,dustinking@outlook.com,0,03-04-2024
899,Elizabeth Molina,elizabethmolina@gmail.com,1,21-03-2020
900,Ashley Parrish,ashleyparrish@gmail.com,1,04-10-2023
901,Natalie Hoffman,nataliehoffman@company.com,0,31-03-2021
902,Rebecca Roberts,rebeccaroberts@company.com,1,20-05-2023
903,Jasmine Frye,jasminefrye@outlook.com,0,08-12-2024
904,Juan Smith,juansmith@outlook.com,1,25-04-2021
905,Priscilla Berg,priscillaberg@gmail.com,1,17-03-2024
906,Michele Holland,micheleholland@gmail.com,1,01-11-2023
907,Lindsey Parsons,lindseyparsons@company.com,1,17-11-2024
908,Christopher Fleming,christopherfleming@gmail.com,0,28-12-2020
909,Jose Bennett,josebennett@company.com,1,14-03-2022
910,Beverly Silva,beverlysilva@outlook.com,1,01-05-2021
911,Michael Moore,michaelmoore@gmail.com,0,28-10-2020
912,Anthony Randolph,anthonyrandolph@gmail.com,0,19-02-2023
913,Katherine Armstrong,katherinearmstrong@outlook.com,0,06-11-2021
914,Emily Robinson,emilyrobinson@company.com,1,22-12-2020
915,Jonathan Perry,jonathanperry@company.com,0,29-09-2022
916,Daniel Lewis,daniellewis@yahoo.com,1,19-09-2021
917,Daniel Goodwin,danielgoodwin@outlook.com,1,17-09-2022
918,Samantha Zavala MD,samanthazavalamd@company.com,0,28-05-2023
919,Tanner Austin,tanneraustin@yahoo.com,1,01-03-2023
920,Melanie Flores,melanieflores@outlook.com,0,21-08-2024
921,Janice Fernandez,janicefernandez@yahoo.com,1,21-06-2021
922,Samantha Brooks,samanthabrooks@company.com,0,27-01-2024
923,Andrew Villanueva,andrewvillanueva@outlook.com,1,07-01-2021
924,Tiffany Jackson,tiffanyjackson@company.com,1,03-11-2024
925,Adrienne Jones,adriennejones@yahoo.com,1,30-05-2023
926,Sharon Coleman,sharoncoleman@company.com,0,29-07-2020
927,Michele Cherry,michelecherry@yahoo.com,1,08-12-2023
928,Teresa Burgess,teresaburgess@outlook.com,0,28-10-2020
929,Gary Miller,garymiller@yahoo.com,0,30-04-2020
930,Kristin Andrews,kristinandrews@outlook.com,0,12-03-2021
931,James Mccoy,jamesmccoy@outlook.com,1,23-03-2022
932,Michael Nichols,michaelnichols@outlook.com,0,07-04-2023
933,Nicole Richards,nicolerichards@yahoo.com,1,25-07-2023
934,Timothy Rodriguez,timothyrodriguez@gmail.com,0,29-12-2023
935,Brandon Hubbard,brandonhubbard@outlook.com,1,31-03-2022
936,Matthew Wells,matthewwells@company.com,0,22-09-2022
937,James Salinas,jamessalinas@gmail.com,0,15-10-2022
938,Brianna Byrd,briannabyrd@outlook.com,1,18-08-2024
939,Monica Brooks,monicabrooks@yahoo.com,1,21-10-2024
940,Kristen Martinez,kristenmartinez@company.com,1,31-01-2020
941,Kimberly Arroyo,kimberlyarroyo@company.com,0,31-07-2021
942,Stephanie Cooper,stephaniecooper@company.com,0,13-02-2022
943,Kayla Martin,kaylamartin@yahoo.com,1,28-02-2021
944,Cheyenne White,cheyennewhite@gmail.com,0,21-01-2024
945,Sarah Randolph,sarahrandolph@outlook.com,1,11-01-2025
946,Joshua Roberts,joshuaroberts@gmail.com,1,24-05-2020
947,Nicholas Freeman,nicholasfreeman@yahoo.com,1,17-09-2021
948,Matthew Garcia,matthewgarcia@yahoo.com,0,26-02-2023
949,Emily Hayes,emilyhayes@company.com,1,21-02-2023
950,Kevin Cunningham,kevincunningham@yahoo.com,0,17-11-2021
951,Jeffrey Smith,jeffreysmith@gmail.com,0,15-04-2021
952,Patrick Graham,patrickgraham@gmail.com,0,04-04-2024
953,Nicholas Humphrey,nicholashumphrey@yahoo.com,0,16-05-2022
954,Eric Arnold,ericarnold@company.com,1,08-12-2020
955,Sarah Trevino,sarahtrevino@company.com,0,03-10-2020
956,Deborah Mercado,deborahmercado@gmail.com,0,09-06-2020
957,Albert Hunter,alberthunter@outlook.com,1,18-03-2020
958,Jennifer Lawrence,jenniferlawrence@yahoo.com,1,03-08-2024
959,Kimberly Lutz,kimberlylutz@gmail.com,0,02-06-2022
960,Holly Walker,hollywalker@outlook.com,1,02-12-2023
961,Donna Marshall,donnamarshall@gmail.com,1,11-08-2022
962,Jonathan Bates,jonathanbates@company.com,1,19-04-2024
963,Lisa Martin,lisamartin@outlook.com,0,18-08-2022
964,Christopher Fry,christopherfry@yahoo.com,1,10-05-2023
965,Nancy Webb,nancywebb@company.com,0,07-11-2021
966,John Brown,johnbrown@company.com,0,26-11-2021
967,Daniel Velez,danielvelez@company.com,0,12-11-2021
968,Jesse Williams,jessewilliams@gmail.com,1,17-12-2024
969,Michael Boyd,michaelboyd@outlook.com,1,16-03-2024
970,Deborah Stephens,deborahstephens@yahoo.com,0,04-12-2020
971,Holly Valdez,hollyvaldez@yahoo.com,1,27-03-2024
972,Jamie Solomon,jamiesolomon@gmail.com,1,22-08-2022
973,Sean Tucker,seantucker@outlook.com,0,20-06-2022
974,Kathryn Taylor,kathryntaylor@company.com,0,19-11-2020
975,Mason Lewis,masonlewis@yahoo.com,1,28-12-2020
976,Mitchell Wilson,mitchellwilson@company.com,0,17-03-2021
977,Michelle Olson,michelleolson@yahoo.com,0,14-06-2022
978,Christopher Whitaker,christopherwhitaker@yahoo.com,1,03-03-2020
979,Kenneth Martin,kennethmartin@gmail.com,0,17-03-2023
980,Kenneth Brown,kennethbrown@gmail.com,1,07-05-2021
981,Tyler Greene,tylergreene@yahoo.com,1,16-11-2022
982,Nathan Stanley,nathanstanley@gmail.com,1,22-06-2021
983,Jerry Haney,jerryhaney@company.com,1,24-05-2024
984,Ronald Burke,ronaldburke@yahoo.com,1,12-01-2024
985,Catherine Keller,catherinekeller@company.com,0,19-05-2021
986,Grace Chavez,gracechavez@yahoo.com,1,05-01-2023
987,James Rodriguez,jamesrodriguez@gmail.com,1,25-01-2021
988,Kathy Barnes,kathybarnes@outlook.com,1,21-10-2020
989,John Mendez,johnmendez@outlook.com,0,02-04-2020
990,Kathy Wilson,kathywilson@yahoo.com,0,21-06-2022
991,Larry Carey,larrycarey@yahoo.com,1,17-07-2024
992,Marie Boyd,marieboyd@company.com,0,28-11-2021
993,Joseph Perez,josephperez@outlook.com,1,26-01-2024
994,Jane Chapman,janechapman@yahoo.com,0,07-10-2023
995,Melissa Davis,melissadavis@company.com,1,22-09-2020
996,David Trevino,davidtrevino@outlook.com,0,22-06-2021
997,Jennifer Lopez,jenniferlopez@outlook.com,0,09-08-2023
998,Laura Wilson,laurawilson@company.com,1,04-02-2020
999,Melissa Stewart,melissastewart@outlook.com,0,13-11-2021
